Gene A,Gene B,Probability,True interactions,Common neighbors,Num of neighbors A,Num of neighbors B
gspD,fimD,0.99983,0,58,253,176
yhcB,fecE,0.99946,1,142,467,237
ubiF,mltB,0.99943,0,91,280,335
rpmA,ackA,0.99935,1,107,207,427
ubiE,secG,0.99919,1,191,486,318
yegD,gdhA,0.99919,0,42,195,583
ycfL,sapF,0.99903,0,123,264,386
lspA,sapA,0.99895,0,58,198,236
yebG,ygcI,0.99895,1,101,206,645
btuB,yhjE,0.99891,0,83,235,317
ycbX,clpA,0.99891,1,110,820,405
fepA,lolC,0.99891,0,95,229,337
iscS,fabD,0.99875,1,174,533,306
fliR,kdsA,0.99865,0,119,236,404
srmB,yfbL,0.99844,1,29,209,148
oppA,idnD,0.99837,0,108,628,676
ybeX,cydA,0.99824,0,248,511,323
pta,nanA,0.99798,0,155,325,327
pbpC,ftsZ,0.99795,0,113,233,535
ttdB,sapF,0.9979,0,37,398,386
rssA,paaD,0.99781,0,47,235,111
pbpC,frlB,0.99777,0,50,233,184
damX,fliL,0.99765,1,320,565,510
hokD,yebG,0.99748,1,47,109,206
fepC,yqcE,0.99724,0,70,359,131
ybaT,betT,0.99699,0,32,118,206
caiT,yhhH,0.99698,0,95,329,237
yhhS,dicF,0.99693,1,56,134,525
hofC,sapF,0.9969,1,79,151,386
mdtF,caiT,0.99678,0,112,253,329
degP,ybiV,0.99664,0,81,887,203
ddpB,ygcL,0.99664,0,21,192,329
gspK,sapF,0.99659,1,161,325,386
mltD,lamB,0.9964,0,87,269,237
ydeA,yidK,0.99638,0,93,234,156
murA,mdtC,0.99628,0,79,598,149
mreB,thiM,0.99621,0,34,338,281
tolC,ampG,0.99616,0,85,357,183
rfaJ,emrB,0.99614,0,51,184,201
ubiE,btuB,0.99593,1,148,486,235
ybiO,ispE,0.99566,0,61,235,253
yhjR,pldB,0.99563,0,74,254,203
gspJ,kdsC,0.99556,0,109,275,232
mcrA,yraK,0.99551,0,35,133,401
mltB,ompN,0.99547,0,127,335,263
gmd,yafL,0.99539,0,57,175,253
ydgA,yfeO,0.99536,0,80,105,296
pepT,narW,0.99514,0,6,51,180
ydhJ,blc,0.99486,0,88,353,176
phoE,ydiO,0.99472,0,100,250,252
crcB,parE,0.99448,0,72,189,267
wbbI,ycfP,0.99438,0,81,250,252
dppF,macA,0.99435,0,139,312,333
wbbK,fabZ,0.99429,1,121,316,389
yceK,mipA,0.99425,0,90,246,170
frdD,hybO,0.99397,0,27,431,220
ybfN,ampD,0.99369,0,29,150,170
yrbL,ynfM,0.99368,0,19,181,129
holC,dnaT,0.99338,0,75,141,109
mdtE,gspE,0.99338,0,102,197,311
oppC,mrdA,0.99335,0,148,386,472
sohA,ybgP,0.99333,1,72,379,147
glpD,pbpC,0.9933,0,91,370,233
pabA,gph,0.99329,0,3,84,57
maoC,yqiG,0.99318,0,36,252,214
dipZ,tatC,0.99316,1,144,949,399
fadA,rhsD,0.99313,0,47,152,283
yiiU,clpX,0.9931,0,30,232,486
gltB,idnD,0.99307,0,70,311,676
yhfU,ynjE,0.99286,0,43,87,172
macA,yehU,0.99282,0,100,333,228
pgpB,trg,0.99272,1,70,194,296
dppD,yebA,0.99264,1,90,249,365
efp,ybaY,0.99257,0,62,722,327
cydB,gspK,0.99252,1,142,374,325
cld,tolC,0.99229,0,143,309,357
recD,polB,0.99228,0,41,123,100
wza,agaS,0.99214,0,122,221,730
flgA,yfiB,0.99206,0,78,170,224
hflC,lysS,0.99203,0,34,175,555
rfaJ,cyoA,0.99191,1,57,184,244
ubiH,folE,0.99189,0,135,348,279
yceK,yeiW,0.9918,0,107,246,361
nagZ,holA,0.99177,0,12,29,182
fimC,tolB,0.99174,0,93,242,311
bcsB,fliL,0.99146,1,175,260,510
cyoA,tpx,0.99068,0,37,244,122
rssA,yagX,0.99036,0,71,235,206
yjhF,fcl,0.99027,0,83,155,205
rfaB,ybfN,0.99009,0,65,246,150
oppF,thiM,0.99005,0,34,392,281
yihN,sfmC,0.98997,0,50,173,106
ymgF,lamB,0.98969,0,105,283,237
dnaK,mutT,0.98958,0,32,156,346
ygeO,rpsE,0.9895,0,24,509,133
lepA,chiA,0.98944,0,84,239,160
yajI,bcsA,0.98922,0,101,268,248
era,rssA,0.98907,0,72,415,235
paaE,wcaC,0.98901,1,66,194,282
ytfF,ygeO,0.98858,0,24,190,509
cirA,paaF,0.98843,0,22,83,239
rffC,mpl,0.98831,1,67,235,180
napD,murA,0.98825,1,83,150,598
cheB,fecA,0.9882,1,64,213,281
acpP,yhjD,0.98784,1,272,450,556
yeaN,gspA,0.98783,0,80,155,244
ybhI,yegE,0.9877,0,55,123,173
yjbF,mpaA,0.9872,0,66,238,273
ydfD,yqgF,0.98696,1,57,153,179
cusA,ycfP,0.98695,1,91,256,252
dcrB,clpX,0.98693,0,25,123,486
ftsE,oppB,0.98641,0,133,359,234
ybjP,ygiT,0.98641,0,6,117,142
tolB,yfcE,0.98638,0,33,311,330
glgC,envC,0.98611,0,68,241,344
ispA,dppA,0.98583,0,61,427,160
galT,cls,0.98579,0,142,370,267
secD,yeiW,0.98572,0,99,217,361
osmC,acrD,0.98556,0,130,215,459
mscL,ldcA,0.9851,1,154,355,306
hofC,nlpC,0.98491,0,64,151,281
secD,lpxH,0.98487,0,62,217,191
rpmB,yggD,0.98418,0,9,84,72
ycjR,ygcI,0.98412,0,3,17,645
ompA,aer,0.98412,0,49,937,175
yceB,livG,0.984,0,13,114,341
ydhK,slyB,0.98384,0,43,174,205
ydhJ,fecB,0.98357,0,106,353,203
ybbC,pspA,0.98342,0,16,241,284
yafL,yidB,0.9833,0,98,253,230
yhiM,ydeT,0.98311,0,74,127,244
tilS,ykfI,0.98309,0,21,157,71
acrE,clpP,0.983,0,46,344,420
cydC,ycfM,0.983,0,64,229,145
zapA,lolA,0.98276,0,81,324,298
rfaP,hybO,0.98246,0,23,358,220
rhsA,phoE,0.98225,0,36,128,250
ybeY,yciU,0.98137,0,9,54,52
paaG,hemY,0.9811,0,61,353,157
dppF,glmM,0.98058,0,77,312,186
lpxH,rof,0.98057,0,87,191,380
yaiP,panE,0.98056,1,105,239,307
ynaJ,uvrC,0.98042,0,23,99,94
yjcH,cusB,0.98038,0,56,302,122
sapD,ybcH,0.97967,0,97,327,220
yjiD,yhjQ,0.97955,0,29,120,100
yncD,yjdL,0.97955,0,66,166,136
ispE,ygfQ,0.97954,0,68,253,157
kefA,galT,0.97913,0,121,227,370
mreB,ispH,0.97896,0,50,338,309
yraK,yhdZ,0.97889,0,6,401,49
lolA,lpcA,0.97855,0,81,298,259
phoA,ligB,0.97852,0,8,29,154
ylbH,gspF,0.97849,0,48,169,93
dnaE,ftsW,0.97844,1,75,186,455
lnt,ptsH,0.97844,1,113,176,522
ung,mukE,0.97804,0,24,123,70
yjjA,yidK,0.97773,0,58,368,156
agaS,pbpG,0.97626,1,69,730,218
btuB,yajI,0.97603,0,115,235,268
yraJ,dut,0.976,0,50,137,470
alr,ubiB,0.97549,0,88,550,312
yddW,lpxK,0.97533,1,66,181,257
ydjO,yhhA,0.97513,0,36,103,104
yfbS,cyoA,0.97511,1,62,197,244
sufD,tar,0.97484,0,12,71,294
ompW,htrE,0.97446,0,29,199,118
galT,hepA,0.9743,0,39,370,338
wzc,ynaI,0.97382,0,58,319,171
yncD,rhsE,0.97379,0,54,166,144
fepA,mdtK,0.97363,0,63,229,191
ygfQ,napD,0.97318,0,68,157,150
damX,hfq,0.97313,0,84,565,217
rssA,murF,0.97137,0,68,235,390
yphE,ydaV,0.97111,0,16,129,63
fhuE,mltD,0.97101,0,57,174,269
malQ,dgoK,0.97098,0,14,120,146
ydhC,gspD,0.97094,0,40,148,253
hscA,frdB,0.97075,0,8,69,413
ffh,paaD,0.97033,0,37,270,111
yhhA,cmtA,0.97027,0,21,104,69
aroK,bcsF,0.97007,0,72,169,199
mdtI,recC,0.96989,0,121,464,336
rph,rpoZ,0.9698,0,6,42,265
rsuA,yfcE,0.96937,0,1,15,330
napD,yeaV,0.96916,0,54,150,187
ygcK,dnaQ,0.96905,0,22,167,60
pspE,appC,0.96905,0,34,372,206
yjjA,fimC,0.96881,0,89,368,242
hslV,ybgP,0.96877,0,20,257,147
wzb,rpmA,0.96807,0,88,400,207
ysaB,lepA,0.9678,1,9,45,239
ybiV,mltC,0.96723,0,87,203,427
rfaL,lnt,0.96677,0,48,143,176
yqcE,mipA,0.96626,0,52,131,170
dsbC,holC,0.96616,0,47,459,141
yeeX,ompA,0.96612,0,11,19,937
cfa,rmf,0.9661,1,85,276,262
yeeS,ruvB,0.9661,0,27,156,76
ung,yrdB,0.96608,1,15,123,49
gspH,pssA,0.96608,0,52,188,190
cedA,ispH,0.9659,0,129,379,309
priA,abgT,0.96564,0,16,58,171
ybbY,pssA,0.96498,0,50,195,190
cydA,yebA,0.96494,1,143,323,365
ybhG,ugpE,0.96487,0,58,120,209
ytfB,ybaY,0.9646,0,108,368,327
fhuC,yraJ,0.96423,0,51,335,137
panD,lpp,0.96394,0,41,193,190
rfaY,yfdV,0.96382,0,128,305,191
secD,cpsG,0.96329,0,69,217,265
bolA,ygfU,0.96283,0,19,482,154
wcaI,zapA,0.96205,0,60,329,324
yfaL,lolB,0.96185,0,103,249,277
ygfQ,dacD,0.9618,0,43,157,246
fabG,glmM,0.96121,1,70,218,186
ydhC,yfiH,0.96059,0,57,148,603
ybfM,cpsG,0.96049,0,76,285,265
relE,yagS,0.96021,0,32,129,113
gyrB,umuC,0.95974,0,62,137,126
yhjY,imp,0.95967,1,48,144,230
ynjC,yhdE,0.95943,0,76,196,134
msbA,rlpB,0.95902,0,63,180,209
ygcO,ycfJ,0.95881,0,4,23,11
yqaE,helD,0.9587,0,36,93,113
ydeK,ypjC,0.95869,1,35,303,122
clpB,nlpC,0.95866,0,9,177,281
ycfM,ydiN,0.95861,0,61,145,152
endA,aidB,0.95828,0,13,52,220
mdoB,ydhK,0.95826,0,37,154,174
cheZ,lepB,0.95751,0,33,367,87
rfaB,rsgA,0.95743,0,38,246,558
cedA,pspB,0.95727,0,33,379,276
spoT,ubiA,0.95709,1,109,460,316
recT,efp,0.95707,0,19,56,722
malQ,rdgC,0.95699,0,4,120,114
livG,hycA,0.95582,0,2,341,11
yqhH,srmB,0.95484,0,45,251,209
helD,holE,0.95424,0,18,113,41
thrC,envC,0.95399,0,22,224,344
yagX,rfbC,0.95393,0,93,206,202
yeiH,gdhA,0.95392,0,19,139,583
helD,rhlB,0.95376,0,26,113,84
panE,murC,0.95336,0,139,307,440
ygfQ,fadB,0.95313,0,51,157,143
slp,fhuB,0.95278,0,44,135,136
tsx,cpsG,0.95276,0,68,118,265
ompC,yfdG,0.9526,0,48,260,139
ygcJ,ytfB,0.95254,0,76,565,368
yidE,ybiV,0.95234,0,47,160,203
livG,yhhA,0.95126,0,11,341,104
ftsZ,yjiJ,0.95092,0,113,535,225
hemX,yfeN,0.95081,0,61,136,124
fabB,hemY,0.95012,0,34,214,157
exbB,der,0.94993,0,17,906,52
ypjC,mutS,0.94899,0,33,122,106
eptA,ygiT,0.94892,0,1,112,142
vsr,umuD,0.94876,0,25,72,105
solA,mfd,0.94823,0,19,73,148
rpmA,yqcE,0.94769,0,71,207,131
abgT,tig,0.94765,1,57,171,491
wbbK,ygbN,0.94728,0,87,316,151
murB,dgoK,0.94642,0,19,556,146
sohA,yggU,0.94633,0,77,379,160
ygbT,cysI,0.94581,0,22,265,136
ybdM,kptA,0.94578,0,3,15,105
pepN,rsmB,0.9457,0,2,27,27
folD,gspH,0.94547,0,67,236,188
yrdD,ynjE,0.94468,0,27,68,172
recT,fimE,0.9446,0,17,56,54
glpD,gspI,0.94404,0,119,370,227
bcsZ,lamB,0.9438,0,6,91,237
treA,yieG,0.94336,0,56,110,234
arnT,yhjV,0.94312,0,65,131,202
fhuB,wcaK,0.94253,0,44,136,148
paaE,rfbB,0.94204,0,60,194,164
glgB,cls,0.94143,0,105,294,267
seqA,hokD,0.94138,0,19,77,109
rffM,fiu,0.93972,0,47,178,115
rimJ,napB,0.93929,0,1,52,18
yraN,dnaK,0.93907,0,26,142,156
yoaA,rhlE,0.93896,0,10,95,91
ispB,yhjV,0.93798,0,39,115,202
yafS,mutM,0.93677,0,24,97,97
yeeO,ugpA,0.93673,0,50,147,112
damX,recQ,0.93658,0,38,565,137
cusB,hslR,0.93635,0,11,122,247
ugpE,surA,0.9359,0,62,209,370
ygjI,yhiI,0.93585,0,45,118,130
rhlE,hisS,0.93529,0,6,91,49
gyrB,yebV,0.93517,1,34,137,133
yjiY,cfa,0.9345,0,56,176,276
ycgR,dppF,0.93445,0,42,120,312
yfcF,yciU,0.93434,0,4,10,52
purB,yeaY,0.93367,0,61,252,156
yfcJ,fabG,0.93359,0,100,209,218
ybaW,yibJ,0.93315,0,12,151,73
dicC,sspB,0.93297,0,4,27,88
yhbT,osmY,0.93289,0,71,152,140
fliR,cysI,0.93244,0,13,236,136
ligA,lpxA,0.93231,1,58,117,361
htrL,ompW,0.93195,0,84,300,199
ynjD,murC,0.93193,0,48,111,440
frdD,rimJ,0.93098,0,5,431,52
prmC,pth,0.93013,0,15,31,40
aroK,ogt,0.92955,0,49,169,100
alkA,ompA,0.92907,0,16,53,937
pspF,yfaZ,0.92835,0,34,616,177
gmhB,lon,0.92755,0,16,267,142
lpxL,rfe,0.92737,0,19,61,297
yhbC,acnB,0.92718,0,10,33,88
yfgA,yebS,0.92673,0,19,484,187
yafW,ygeQ,0.92504,0,11,39,169
cedA,manX,0.92485,1,79,379,291
ybeX,rnd,0.92469,0,11,511,50
dinI,ygjD,0.92457,0,4,120,57
yqeI,fepC,0.92373,0,10,17,359
yhfT,yiiU,0.92279,1,80,908,232
dcp,rsmB,0.92268,0,6,45,27
rhlB,yciX,0.9223,0,2,84,25
yeiI,lar,0.9222,0,5,19,110
tsx,yegE,0.92076,0,65,118,173
wzc,lpcA,0.92037,1,79,319,259
tig,cheY,0.91992,0,54,491,291
ftsX,cdh,0.91894,0,62,524,150
secD,tolR,0.91822,0,49,217,182
ptsI,ydjK,0.91813,0,57,469,101
flgJ,lpxL,0.91795,0,6,109,61
rffG,ygdL,0.91713,0,55,226,762
panF,yedE,0.91683,0,64,154,159
ydhJ,fkpB,0.91609,0,23,353,160
mutS,gltB,0.91557,0,14,106,311
hslV,fepB,0.91455,0,31,257,331
rpoD,ynjE,0.91441,1,69,161,172
yghD,ycgJ,0.91424,1,5,1101,12
glpQ,ybjI,0.91394,0,57,158,115
dinJ,mdtI,0.91339,0,17,53,464
rng,slt,0.91257,0,13,205,182
ftsL,glpQ,0.91251,0,68,298,158
htpX,ssb,0.91248,0,3,17,96
ynjF,garD,0.91162,0,1,146,15
ybjJ,wzxE,0.91159,0,50,118,215
dsbG,dgkA,0.9112,0,40,165,259
yggU,dsbA,0.91102,0,32,160,123
ydjO,yjeI,0.91082,1,32,103,514
ygaD,ybgP,0.91037,0,37,126,147
tyrA,cspC,0.90938,0,4,14,323
yeeR,recF,0.90933,0,38,79,181
acpT,ycbC,0.90835,0,27,91,276
rfaE,recQ,0.90662,0,25,401,137
ylbH,macB,0.90632,0,54,169,105
hda,recC,0.90574,1,66,141,336
ibpA,btuF,0.90547,0,8,152,257
gdhA,yjeP,0.90484,1,51,583,284
malQ,ypjA,0.90477,0,6,120,227
ycbS,ydiS,0.9041,0,12,156,218
emrD,era,0.90368,0,30,117,415
betT,lpxA,0.90205,0,67,206,361
acpT,crcB,0.90152,0,46,91,189
ygeO,tdk,0.90074,0,69,509,194
rimJ,sbcB,0.90074,0,7,52,93
pheS,yifL,0.89932,0,8,238,87
speE,panF,0.89926,0,13,223,154
murE,fis,0.89835,0,34,494,99
asnB,hokE,0.89599,0,18,379,199
btuC,sfmD,0.89451,0,58,127,167
yraJ,folD,0.89431,1,37,137,236
yhfY,pspE,0.89391,0,23,193,372
yajR,fhuA,0.89263,1,33,169,118
pabA,gltB,0.89245,0,13,84,311
ygcH,yjdL,0.89165,0,13,291,136
yeeR,dadX,0.89052,0,11,79,615
yjgL,ydeN,0.8894,0,0,20,10
rsgA,cdh,0.88933,0,19,558,150
hybO,yjdL,0.88821,0,7,220,136
mutY,sdiA,0.88817,1,50,382,97
dsbA,oppA,0.88791,1,64,123,628
nuoL,mutT,0.88694,0,3,51,346
ydcX,yeeR,0.88659,0,16,94,79
rplD,ptsI,0.88648,0,12,123,469
mdh,gmhB,0.88596,0,3,17,267
mtgA,wcaL,0.88578,0,47,259,156
yihD,relA,0.88464,0,10,29,63
cyoC,dnaB,0.88409,0,7,186,146
truD,yebG,0.88293,0,10,35,206
ygfZ,psd,0.88104,0,9,718,58
ygbT,fadB,0.8809,0,14,265,143
soxS,marA,0.88082,0,37,110,118
manX,rpmJ,0.88014,0,6,291,90
rhsD,surA,0.87924,0,102,283,370
wzxE,nuoL,0.87863,0,2,215,51
paaD,pspA,0.87765,0,6,111,284
groL,gltD,0.8771,0,28,521,176
ybgH,yhjV,0.8762,0,60,105,202
ykfC,ydaV,0.87506,0,14,109,63
ydjM,rfaE,0.87462,0,14,63,401
rpmG,sdhC,0.87232,0,3,222,29
ydeK,glpF,0.87202,0,38,303,148
rpmB,ypjC,0.86945,0,47,84,122
entA,lpxH,0.86882,0,58,124,191
ftsA,ftsI,0.86849,0,38,336,78
bglH,paaK,0.86819,1,56,163,301
cirA,ygbT,0.86754,0,9,83,265
dnaE,yghD,0.86675,0,56,186,1101
gspA,thrA,0.86667,0,18,244,220
yihA,yiaV,0.86561,1,82,377,249
mdtI,yfaA,0.86542,1,67,464,117
frr,yccS,0.86522,0,7,42,264
napF,mazG,0.86471,0,0,31,17
dacC,ldcA,0.8647,1,86,200,306
htpX,pnp,0.86448,0,2,17,42
wzxE,paaC,0.86444,0,47,215,97
topA,dbpA,0.8641,0,18,128,79
yaaU,dnaB,0.86021,0,11,163,146
yceF,yjjM,0.8595,0,42,129,90
hslU,ydfD,0.85917,0,12,194,153
kdsD,yjjB,0.85898,0,29,317,205
surA,nth,0.85867,0,18,370,106
ydcK,lpxA,0.85819,0,49,121,361
ytfN,yddB,0.85735,0,107,296,146
yfhM,emrK,0.857,0,44,176,138
dxr,mdoC,0.8566,0,69,193,267
murI,recC,0.85596,0,27,234,336
ydiS,dppD,0.85458,0,16,218,249
ftsX,ydaE,0.85355,1,72,524,169
ybcK,rnr,0.8529,0,2,44,45
yrbL,rffE,0.85124,0,34,181,135
yeeX,hepA,0.84862,0,2,19,338
potG,gntT,0.84783,0,0,490,13
chiA,ydjH,0.84736,0,6,160,89
rfaZ,pheS,0.84701,0,14,233,238
secD,micF,0.84438,0,71,217,314
ydiY,gspF,0.83972,0,37,145,93
rpoH,oppB,0.83847,0,11,243,234
yaeQ,npr,0.83772,0,3,152,9
ftsK,yajI,0.83642,0,110,430,268
polB,mutL,0.83615,0,6,100,28
thrA,ppk,0.83556,0,1,220,39
yciH,ppdB,0.83446,0,2,42,123
cbpA,hypA,0.83243,1,3,615,8
ibpA,rfaL,0.83239,0,7,152,143
yciO,hybD,0.83161,0,4,22,34
ygbT,yciX,0.83052,0,7,265,25
nuoL,zapA,0.83041,0,7,51,324
yhcH,ttdB,0.82975,0,5,15,398
htpG,glpA,0.82436,0,17,180,324
yciO,ackA,0.82432,0,5,22,427
livG,holD,0.82404,0,14,341,105
ycjT,livG,0.82225,0,6,19,341
fusA,recN,0.82188,0,5,85,111
mltC,ynaK,0.82186,0,40,427,66
ybcK,dmsA,0.82065,0,4,44,35
chbF,ynaA,0.82001,0,4,366,17
gspC,fhuD,0.81991,0,81,192,324
yegD,gph,0.81887,0,1,195,57
murE,yibJ,0.81879,1,20,494,73
gspE,mppA,0.81786,0,116,311,254
gdhA,ykfC,0.8177,0,15,583,109
yfcE,cysE,0.81744,1,3,330,27
mraY,lolD,0.81691,0,80,304,178
nudG,ydjA,0.81627,0,37,103,144
livG,pepD,0.81594,0,6,341,36
ynfG,crr,0.81419,0,0,15,17
ygfZ,yadE,0.81402,0,49,718,266
pabB,alr,0.8138,0,78,160,550
gspC,cheA,0.81341,0,43,192,186
fecA,sdhC,0.81291,0,3,281,29
iscA,narW,0.81218,0,0,21,180
ygiT,yciM,0.8119,0,6,142,40
fimD,ftsA,0.81164,0,85,176,336
aer,paaD,0.80965,0,5,175,111
rfaF,hscB,0.8095,0,6,321,37
degP,prpE,0.80941,1,1,887,7
bolA,yciH,0.80779,0,7,482,42
ydeJ,ygfA,0.80771,0,4,11,203
yjjB,hda,0.80501,0,75,205,141
ynfM,bcr,0.80466,0,51,129,137
cbpA,thiH,0.80314,0,2,615,10
yjhB,yeeA,0.80271,0,5,191,20
prfA,yhfT,0.80215,0,9,33,908
gspL,cfa,0.79891,0,44,76,276
ligT,yraP,0.79811,0,21,106,313
cbpA,mutL,0.79785,0,7,615,28
speE,yfaL,0.79514,0,19,223,249
hydN,yjjB,0.79467,0,3,19,205
ydfJ,pldA,0.79263,0,73,126,257
rplD,cedA,0.79122,0,18,123,379
ffh,rpmG,0.78948,0,13,270,222
mipA,aroE,0.78898,0,10,170,123
pabB,mraY,0.7889,0,71,160,304
endA,ygcO,0.78832,0,1,52,23
dppB,ybbW,0.78711,0,50,124,172
paaD,rpoZ,0.78699,0,10,111,265
ybfB,sodA,0.78591,0,16,123,61
speE,yfiB,0.78553,0,24,223,224
yjjA,metN,0.78489,0,5,368,17
artI,ygeQ,0.78445,0,2,5,169
dsbC,xthA,0.7839,0,10,459,51
nrdB,ygiV,0.78219,0,16,49,59
yhcH,napA,0.78167,0,2,15,110
yigA,ydhO,0.7816,0,1,20,189
yraN,mutL,0.78089,0,5,142,28
yggC,acrE,0.78079,0,36,113,344
gyrB,ygcH,0.77965,0,46,137,291
holA,nuoL,0.77838,0,7,182,51
recQ,rfaP,0.77836,0,18,137,358
nudE,ycfT,0.77819,1,52,198,103
yagM,napA,0.77787,0,3,16,110
dipZ,mutH,0.77653,1,49,949,174
glyA,yqiB,0.77529,0,4,193,58
ynfB,ybeB,0.77498,0,6,26,27
ytfN,frdA,0.77214,0,123,296,152
ycbX,ydjN,0.7701,0,23,820,148
sufB,nanK,0.76904,0,2,41,296
ppdB,gutM,0.76902,0,1,123,19
nlpE,yiiD,0.76697,0,24,193,122
mraZ,relB,0.76522,1,19,131,57
ygbF,umuD,0.76364,0,5,130,105
ecnA,lnt,0.76163,0,51,261,176
rpmJ,ydgI,0.76088,0,17,90,235
mdtD,ddlB,0.76007,0,46,158,293
moaE,pheS,0.76002,0,4,9,238
acpS,hofQ,0.75908,0,2,275,16
rffM,glpC,0.75867,0,5,178,74
ftsA,rnr,0.75681,1,13,336,45
ygeG,ydaW,0.7557,0,5,19,155
elaD,livK,0.75503,0,2,34,11
asnA,pepN,0.75417,0,2,95,27
ylcG,mpl,0.75347,0,15,126,180
treF,ynbB,0.75236,0,2,11,279
mcrB,tolB,0.75091,0,19,143,311
ygiB,yciB,0.75054,0,4,13,130
hslR,yqjG,0.75035,0,6,247,19
yfcC,ydiY,0.74969,0,86,199,145
yqeI,fkpB,0.7475,0,2,17,160
ydgI,yebF,0.74637,0,3,235,3
ppiA,imp,0.74611,0,11,137,230
ygiT,argF,0.7448,0,2,142,9
mazG,caiC,0.74088,0,2,17,496
rluD,nlpC,0.74048,0,8,59,281
nlpC,ycbZ,0.73914,0,4,281,32
rpoH,yfjR,0.73909,0,16,243,143
rsxE,ycaK,0.73802,0,5,98,13
ycbL,tilS,0.73666,0,2,14,157
dppF,ygcO,0.73653,0,8,312,23
fadB,yjjB,0.73646,0,14,143,205
tolC,abgB,0.73616,0,14,357,52
pheS,rbsB,0.73534,0,3,238,13
napF,kefA,0.73483,0,3,31,227
yhhW,proP,0.73404,0,0,16,4
ompF,yhaO,0.73382,0,53,292,119
aat,tyrB,0.7305,0,1,40,6
yqfB,rnr,0.72977,0,4,106,45
recO,hisS,0.72952,0,3,153,49
ybgJ,ftsX,0.72818,0,79,170,524
rluC,aas,0.72783,0,2,44,15
yrbB,rpmF,0.7278,0,10,404,55
ltaE,hslU,0.72759,0,3,10,194
yafO,gmhB,0.72707,0,15,117,267
yafP,cca,0.72706,0,1,13,62
idnD,ydcF,0.72655,0,4,676,8
yegD,mreC,0.72502,0,14,195,202
yghB,ydfR,0.72485,0,4,154,18
setB,yeaI,0.72367,0,2,94,16
yhfW,ahpC,0.72169,0,4,62,12
ynfG,yhfZ,0.72016,0,1,15,218
topB,ykfG,0.71932,0,4,53,82
rpoZ,allC,0.71912,1,5,265,42
feoB,glnB,0.71727,0,7,20,25
rbsA,frdC,0.71661,0,8,63,340
tdcG,aceK,0.71498,0,0,9,9
glpC,yggC,0.71481,0,8,74,113
yciH,def,0.71388,0,7,42,39
yafT,tdcG,0.71262,0,1,11,9
nrdE,ygiV,0.71192,0,7,199,59
prfB,yfbU,0.71156,0,13,74,23
map,miaA,0.71053,0,1,31,43
yeaD,yfcH,0.70966,0,1,21,67
smtA,spr,0.70952,0,12,126,187
recT,mutM,0.70915,0,13,56,97
ftsI,yqhH,0.70906,1,22,78,251
yjjV,exbB,0.70865,0,20,65,906
ompT,ypdI,0.70848,0,42,160,244
hycA,kdsC,0.70842,0,0,11,232
ydaV,ybeY,0.70817,0,9,63,54
nuoM,dnaQ,0.70768,0,4,33,60
yeaK,rluD,0.70767,0,4,14,59
sufS,trmH,0.70757,0,7,54,145
yicR,hybD,0.70751,0,4,185,34
yajG,idi,0.70677,0,21,149,115
ybaK,hcaB,0.70626,0,0,25,7
gspL,accD,0.70529,0,21,76,220
slt,cspI,0.70338,0,19,182,219
slyX,soxS,0.70306,0,11,60,110
ompL,uvrB,0.70204,0,14,200,117
truA,mpl,0.70199,0,7,50,180
acpP,ycaM,0.70009,0,55,450,96
rpmJ,yfjF,0.70003,0,10,90,26
nadC,asnB,0.69966,0,2,5,379
cydB,ybeB,0.69904,0,11,374,27
ynfA,yfbL,0.69779,0,3,17,148
dctA,clpA,0.69751,0,3,12,405
dadX,yfiQ,0.69721,0,3,615,8
fdx,xseA,0.69703,0,2,36,50
xseB,ydcP,0.69679,0,3,51,26
radA,yafM,0.69664,0,4,127,31
uidC,rfaI,0.69618,0,50,166,172
yehD,argP,0.69599,0,11,99,75
narG,yggW,0.69577,0,4,39,13
rhsD,yggD,0.69551,0,6,283,72
cca,flxA,0.69528,0,1,62,5
acrE,kch,0.69347,0,1,344,11
tatC,ygfA,0.69282,0,68,399,203
hycC,prfH,0.69221,0,2,5,20
pspC,ypdF,0.69082,0,3,407,24
yoaH,yhbV,0.69063,0,1,8,43
groS,lpxM,0.6904,0,7,185,208
acpS,atoD,0.68787,0,2,275,13
sbmC,yaiS,0.68767,0,5,37,181
syd,yheN,0.68755,0,6,19,28
yjgL,racC,0.68661,0,1,20,62
exbB,yeeX,0.68469,0,7,906,19
ubiA,maoC,0.68424,0,113,316,252
phr,spy,0.68422,0,15,149,135
elaD,yhjG,0.68383,0,1,34,13
ybdM,ydfW,0.68239,0,4,15,89
xseB,yqaA,0.67865,0,2,51,12
kduI,dnaQ,0.67862,0,5,12,60
ygeX,ykfI,0.67676,0,3,12,71
yjgH,betT,0.6765,0,2,22,206
ygiT,vacJ,0.67583,0,9,142,148
yibK,ybhF,0.67506,0,1,24,10
cpdA,prfA,0.67333,0,0,6,33
ygeY,chbF,0.67146,0,4,11,366
ycaR,sufD,0.67128,0,10,273,71
ftsB,mdtF,0.66949,0,50,209,253
wbbI,pepE,0.66931,0,3,250,22
ygiZ,lysS,0.66898,0,2,9,555
ade,glnB,0.66745,0,3,9,25
ltaE,yodA,0.66706,0,6,10,32
yiiU,yggD,0.66677,0,13,232,72
plsC,yicR,0.66582,0,18,210,185
tdk,rfaG,0.66499,0,12,194,259
mdtH,nudE,0.66489,0,66,270,198
rsmC,yicH,0.66418,0,2,31,10
ygiV,ompA,0.6638,0,26,59,937
rdgC,dedD,0.66062,0,15,114,44
ddpX,decoy132,0.65999,0,0,0,0
adiA,yfeN,0.65991,0,2,10,124
rnd,gnd,0.65792,0,0,50,7
yhdZ,yfeO,0.65643,0,10,49,296
yfjW,ymfJ,0.65638,0,0,11,6
yggE,rsmB,0.65507,0,8,21,27
prmB,rpoH,0.65498,0,2,24,243
intB,rof,0.65455,0,3,15,380
fusA,rmf,0.65421,0,15,85,262
yedE,yeiH,0.6542,0,56,159,139
rbsA,xdhB,0.65419,0,8,63,127
ybcN,bcsA,0.6526,0,18,252,248
ampH,narG,0.65067,0,5,208,39
ppdA,ypjA,0.65048,0,11,191,227
ppk,yrbB,0.64864,0,5,39,404
prlC,cpsB,0.64807,0,2,32,171
stfR,yrbL,0.64726,0,9,128,181
dgkA,rplD,0.64617,0,9,259,123
sfmC,rng,0.6454,0,7,106,205
hisS,asnC,0.64529,0,7,49,92
metK,gspL,0.64398,0,34,199,76
modF,guaB,0.64263,0,6,84,58
yddK,yehB,0.63933,0,3,12,250
csdA,cmtA,0.63905,0,12,574,69
ygbK,yqiG,0.63904,0,2,19,214
kduD,ftsK,0.63884,0,4,21,430
asnB,yehP,0.63859,0,11,379,101
ugpE,nth,0.63797,0,15,209,106
rpoH,ykgJ,0.63702,0,4,243,19
ycgF,ybaS,0.63441,0,1,19,12
ampG,acnB,0.6342,0,8,183,88
tbpA,ygjD,0.63318,0,1,7,57
fdx,galT,0.63279,0,4,36,370
yaiV,gltD,0.63221,0,9,140,176
pstC,greA,0.63102,0,3,19,32
ycjN,yehB,0.63014,0,6,49,250
mrp,hda,0.62864,0,16,54,141
sugE,pspA,0.62841,0,12,166,284
mdoG,aroH,0.62795,0,1,312,11
gdhA,ycbJ,0.62758,1,3,583,16
accD,dnaQ,0.62457,0,8,220,60
puuA,yciE,0.62451,0,3,7,9
pspA,ymgG,0.624,0,3,284,12
csdA,hcaF,0.62358,0,8,574,23
manX,yhbX,0.62323,0,2,291,21
nfrB,hepA,0.62313,0,7,86,338
zraS,yeeA,0.6228,0,1,6,20
lpp,ycgL,0.62278,0,13,190,216
ispH,yciV,0.62218,0,5,309,41
sbcB,ykgE,0.62172,0,3,93,20
gatD,yieG,0.62091,0,4,14,234
fkpB,rarA,0.62076,0,8,160,22
nuoM,umuC,0.61936,0,7,33,126
ykgE,vacJ,0.61903,0,3,20,148
pth,ycbR,0.61888,0,5,40,113
ygfT,yraL,0.61843,0,1,12,57
frvB,yaiV,0.61825,0,2,15,140
yliG,lipB,0.61768,0,1,33,11
nudB,yafO,0.61597,0,16,288,117
ftsK,cmtA,0.61418,0,29,430,69
yqiH,hchA,0.61399,0,2,159,18
trg,fkpB,0.61332,0,14,296,160
rumA,ycbC,0.6132,0,12,58,276
fdoI,yjgQ,0.61228,0,5,40,209
yjfK,cusC,0.61154,0,0,4,246
accC,ybdM,0.61141,0,2,239,15
nrdB,nuoA,0.61038,0,1,49,19
ydjH,rhsA,0.6103,0,6,89,128
yodA,rluC,0.60952,0,1,32,44
holA,ygcS,0.60871,0,7,182,153
fliM,mhpF,0.60836,0,3,11,13
adiA,thrC,0.60807,0,0,10,224
bolA,manA,0.60551,0,33,482,289
ygeO,mdtG,0.60431,0,3,509,13
pspE,valS,0.60304,1,0,372,6
thiM,yddH,0.6004,0,1,281,14
stfR,yfdF,0.59978,0,11,128,42
lysA,recT,0.59685,0,2,8,56
yidB,truD,0.59661,0,1,230,35
gcvP,nlpC,0.59659,0,4,16,281
yccJ,wcaA,0.59439,0,2,15,295
yifB,ysaB,0.59399,0,1,8,45
ybeQ,yihP,0.59388,0,3,11,205
yqiH,pepE,0.59339,0,2,159,22
yjaB,hybO,0.59271,0,3,9,220
yiiM,ybhR,0.59251,0,2,10,12
marR,ygjD,0.59143,0,4,128,57
cynS,cmr,0.59099,0,0,4,101
yhbX,wzb,0.58994,0,3,21,400
clpP,lacA,0.58979,1,4,420,12
rarA,mipA,0.5895,0,3,22,170
iscR,glgA,0.58904,0,14,58,301
hycH,prmB,0.58891,0,1,17,24
ispB,yggD,0.58709,0,5,115,72
appC,yqeB,0.58702,0,2,206,12
ydgI,ydfR,0.5855,0,6,235,18
napA,yafO,0.58366,0,8,110,117
uvrD,intB,0.58365,0,0,216,15
garK,nikA,0.58358,0,4,7,26
ygfJ,fepE,0.58239,0,13,95,138
citD,sgbH,0.58227,0,0,8,181
ychM,yehE,0.58218,0,25,588,156
malQ,ygaY,0.58186,0,5,120,21
ybhR,yaaU,0.58157,0,3,12,163
yrbA,btuB,0.58128,0,0,36,235
yfjP,ygjD,0.58107,0,3,25,57
rplD,rfaC,0.58094,0,22,123,463
nuoB,ppdC,0.5806,0,0,12,136
yfeT,yqiG,0.58036,0,2,24,214
phnL,yaaJ,0.57843,0,2,2,396
clpB,rep,0.57793,0,5,177,65
ygjD,ptsG,0.57785,0,0,57,8
dppD,rpsB,0.57701,0,7,249,44
holA,prfA,0.57691,0,2,182,33
dppD,tauC,0.57673,0,1,249,6
paaF,cca,0.57654,0,8,239,62
ygiT,hyfH,0.57578,0,1,142,15
ispD,ycgL,0.57569,0,8,165,216
yhbW,fdx,0.57463,0,3,20,36
mutH,fdhD,0.57418,0,5,174,12
mutY,yihN,0.57378,0,40,382,173
yoaB,gyrA,0.57049,0,3,20,240
ptsI,ycgX,0.57031,0,6,469,12
mukF,yahG,0.56878,0,7,221,12
yfbU,ydaQ,0.56742,0,2,23,166
ydiS,yfhR,0.56587,0,4,218,16
moaB,acpS,0.56563,0,0,11,275
yagB,yghD,0.56533,0,3,5,1101
ribB,ygeW,0.56524,0,3,13,7
mdoH,yicL,0.5644,0,7,148,14
rnr,nuoN,0.56424,0,2,45,23
yjaB,rimL,0.56394,0,1,9,40
rpsT,ygcO,0.56321,0,8,60,23
lpxB,ybcN,0.56278,1,105,519,252
yoaB,mdoH,0.5624,0,1,20,148
entE,ydaV,0.56205,0,9,300,63
bglX,thrC,0.56025,0,1,5,224
yqcC,prfA,0.55998,0,1,15,33
tdcE,argE,0.55979,0,0,14,53
ybaZ,ybjQ,0.55947,0,4,59,8
yahE,puuA,0.5585,0,1,11,7
manY,cvpA,0.55771,0,2,436,11
yjcE,frr,0.55701,0,5,228,42
sixA,yfbK,0.55652,0,2,15,16
yheT,ylbG,0.55605,0,1,7,163
miaA,dsrB,0.55566,0,2,43,7
ybhP,rnc,0.55371,0,1,71,47
rumB,wzxE,0.55148,0,1,21,215
afuC,frvA,0.54968,0,1,82,6
yhbW,lepA,0.54844,0,3,20,239
yraP,ycbZ,0.54804,0,5,313,32
ygiL,hyfE,0.54696,0,3,60,159
glmS,nuoF,0.54662,0,3,478,20
mipA,dicC,0.54658,0,3,170,27
yjcS,ydfR,0.54604,0,2,6,18
dcm,prc,0.546,0,17,147,407
rbsB,metC,0.54575,0,4,13,31
folA,ypjC,0.54564,0,14,261,122
tyrA,intB,0.54548,0,3,14,15
yafM,mdh,0.5446,0,1,31,17
ydiA,fruA,0.54405,0,1,12,12
ubiE,yfbU,0.54382,0,3,486,23
ruvB,dinB,0.5428,0,13,76,32
yjbF,ynaA,0.54209,0,5,238,17
yfdX,mdtG,0.54135,0,3,11,13
dinF,mscL,0.54118,0,7,57,355
mrcB,ybdG,0.54102,0,1,225,11
ihfB,rybB,0.54068,0,11,157,323
pbl,ybfM,0.54014,0,0,14,285
ydcT,dacB,0.53947,0,36,77,300
tsf,rpsA,0.5377,0,5,21,150
torI,yhcF,0.53763,0,4,14,13
rhlB,yciA,0.5364,0,3,84,14
nuoE,rdgC,0.53617,0,5,14,114
rpoH,yecE,0.53513,0,4,243,19
mrp,prmB,0.53505,0,2,54,24
recA,sseA,0.53332,0,4,361,11
tsgA,ybiV,0.53314,0,2,8,203
fliZ,rmf,0.53275,0,14,92,262
mdh,yfiN,0.53196,0,1,17,10
dppD,recD,0.53191,0,14,249,123
yceA,yrbL,0.53055,0,7,109,181
aroF,seqA,0.53051,0,4,14,77
smtA,ylbA,0.53027,0,1,126,7
ompL,ydiS,0.52903,0,10,200,218
ygcN,pspB,0.52848,0,2,14,276
pnp,rmf,0.52664,0,6,42,262
fdoH,ygcI,0.52645,0,4,17,645
rhsA,ydhY,0.52582,0,4,128,15
moaD,pphB,0.52414,0,5,11,15
hcaT,phoA,0.5231,0,1,9,29
yeiP,ubiX,0.52275,0,1,27,321
nusB,ackA,0.52116,0,4,26,427
mhpT,tas,0.52082,0,2,21,8
ispU,pstC,0.51944,0,4,355,19
lamB,mazG,0.51741,0,4,237,17
acpS,kdpC,0.51719,0,1,275,15
yhbW,ycbR,0.51674,0,3,20,113
yagW,lysS,0.51652,0,3,11,555
ppa,mukF,0.5163,0,21,36,221
ybaK,rffM,0.51604,0,4,25,178
ubiA,yojI,0.51561,0,40,316,143
tatB,aqpZ,0.51453,0,61,372,100
rpe,yhjY,0.51385,0,11,156,144
hokE,hslU,0.51349,0,13,199,194
yiiG,napH,0.5127,0,0,8,9
narZ,smtA,0.51263,0,9,35,126
dipZ,xapA,0.51096,0,7,949,16
yjjI,ytfM,0.51045,0,2,4,235
yciK,ydeK,0.50926,0,10,40,303
menC,yehU,0.50885,0,6,21,228
ypjA,yidG,0.50854,0,0,227,9
yehP,ycjO,0.50643,0,3,101,8
mpl,ybjD,0.50583,1,13,180,52
ubiX,glpG,0.50522,0,3,321,36
yciC,rpoZ,0.5042,0,6,20,265
glgA,gltF,0.50407,0,3,301,8
mutY,yfcN,0.5036,0,2,382,11
metC,cyoC,0.50298,0,2,31,186
yaeJ,cedA,0.50129,0,4,6,379
gyrB,selD,0.50112,0,4,137,15
sohB,dcrB,0.50096,0,1,17,123
yahB,ygcL,0.50069,0,2,9,329
exuT,ppiC,0.50006,0,3,6,185